10,0,3730,6.780235,889.0,1.7385242,11823.871300
10,0,179,0.464589,889.0,1.7385242,11823.871300
10,0,175,0.464871,889.0,1.7385242,11823.871300
10,0,181,0.514833,889.0,1.7385242,11823.871300
10,0,180,0.468093,889.0,1.7385242,11823.871300
20,0,205,0.515382,290.8,0.7154284,12642.538900
20,0,181,0.464892,290.8,0.7154284,12642.538900
20,0,182,0.514915,290.8,0.7154284,12642.538900
20,0,480,1.116091,290.8,0.7154284,12642.538900
20,0,406,0.965862,290.8,0.7154284,12642.538900
30,0,210,0.514682,619.4,1.4069092,15855.793200
30,0,188,0.51504,619.4,1.4069092,15855.793200
30,0,635,1.466941,619.4,1.4069092,15855.793200
30,0,470,1.116062,619.4,1.4069092,15855.793200
30,0,1594,3.421821,619.4,1.4069092,15855.793200
50,0,824,1.667689,494.2,1.1262754,12930.369600
50,0,182,0.514988,494.2,1.1262754,12930.369600
50,0,861,1.917913,494.2,1.1262754,12930.369600
50,0,418,1.015815,494.2,1.1262754,12930.369600
50,0,186,0.514972,494.2,1.1262754,12930.369600
60,0,1196,2.368638,848.0,1.8577146,16983.461200
60,0,1453,3.120332,848.0,1.8577146,16983.461200
60,0,1166,2.569282,848.0,1.8577146,16983.461200
60,0,187,0.514991,848.0,1.8577146,16983.461200
60,0,238,0.71533,848.0,1.8577146,16983.461200
190,0,236,0.665168,1526.4,3.3812458,33768.272000
190,0,4374,9.28325,1526.4,3.3812458,33768.272000
190,0,2596,5.627247,1526.4,3.3812458,33768.272000
190,0,213,0.615361,1526.4,3.3812458,33768.272000
190,0,213,0.715203,1526.4,3.3812458,33768.272000
200,0,233,0.615043,3973.8,8.3121796,23174.096400
200,0,1727,3.772492,3973.8,8.3121796,23174.096400
200,0,336,0.915642,3973.8,8.3121796,23174.096400
200,0,8477,17.454155,3973.8,8.3121796,23174.096400
200,0,9096,18.803566,3973.8,8.3121796,23174.096400
210,0,246,0.715339,12751.2,26.380545,42511.810100
210,0,221,0.615334,12751.2,26.380545,42511.810100
210,0,222,0.665089,12751.2,26.380545,42511.810100
210,0,411,1.216344,12751.2,26.380545,42511.810100
210,0,62656,128.690619,12751.2,26.380545,42511.810100
220,0,247,0.666388,3786.0,8.2628148,10790.497000
220,0,6552,14.195406,3786.0,8.2628148,10790.497000
220,0,11685,25.071362,3786.0,8.2628148,10790.497000
220,0,224,0.665345,3786.0,8.2628148,10790.497000
220,0,222,0.715573,3786.0,8.2628148,10790.497000
230,0,3078,7.079786,1503.2,3.602441,44800.328300
230,0,1624,3.923189,1503.2,3.602441,44800.328300
230,0,217,0.615105,1503.2,3.602441,44800.328300
230,0,2039,4.826001,1503.2,3.602441,44800.328300
230,0,558,1.568124,1503.2,3.602441,44800.328300
240,0,1070,2.469107,7586.0,16.1203228,32966.518700
240,0,321,0.921727,7586.0,16.1203228,32966.518700
240,0,2294,5.176171,7586.0,16.1203228,32966.518700
240,0,34031,71.419111,7586.0,16.1203228,32966.518700
240,0,214,0.615498,7586.0,16.1203228,32966.518700
250,0,1474,3.171301,896.6,2.0282836,32890.513700
250,0,211,0.61505,896.6,2.0282836,32890.513700
250,0,211,0.615124,896.6,2.0282836,32890.513700
250,0,211,0.615167,896.6,2.0282836,32890.513700
250,0,2376,5.124776,896.6,2.0282836,32890.513700
290,0,5233,11.194165,1658.8,3.7433642,37360.054400
290,0,228,0.665282,1658.8,3.7433642,37360.054400
290,0,2270,5.175305,1658.8,3.7433642,37360.054400
290,0,234,0.715991,1658.8,3.7433642,37360.054400
290,0,329,0.966078,1658.8,3.7433642,37360.054400
310,0,11051,27.127744,7194.4,17.6836426,51977.272100
310,0,240,0.715699,7194.4,17.6836426,51977.272100
310,0,24201,59.094474,7194.4,17.6836426,51977.272100
310,0,239,0.765173,7194.4,17.6836426,51977.272100
310,0,241,0.715123,7194.4,17.6836426,51977.272100
330,0,2408,5.52703,12123.0,25.9363074,42811.966000
330,0,237,0.715271,12123.0,25.9363074,42811.966000
330,0,237,0.715362,12123.0,25.9363074,42811.966000
330,0,238,0.733798,12123.0,25.9363074,42811.966000
330,0,57495,121.990076,12123.0,25.9363074,42811.966000
350,0,19991,50.481002,10201.8,25.9427166,10683.820600
350,0,19245,48.873531,10201.8,25.9427166,10683.820600
350,0,248,0.766185,10201.8,25.9427166,10683.820600
350,0,11282,28.87723,10201.8,25.9427166,10683.820600
350,0,243,0.715635,10201.8,25.9427166,10683.820600
370,0,40320,101.847678,15517.8,39.5443686,10599.084400
370,0,5207,13.543621,15517.8,39.5443686,10599.084400
370,0,25698,65.615862,15517.8,39.5443686,10599.084400
370,0,262,0.815585,15517.8,39.5443686,10599.084400
370,0,6102,15.899097,15517.8,39.5443686,10599.084400
380,0,93094,261.041296,50735.2,142.4461468,61081.704500
380,0,29671,83.650397,50735.2,142.4461468,61081.704500
380,0,74965,209.974285,50735.2,142.4461468,61081.704500
380,0,259,0.865633,50735.2,142.4461468,61081.704500
380,0,55687,156.699123,50735.2,142.4461468,61081.704500
410,0,287,0.815794,33605.5,111.97416525,87396.482100
410,0,133610,445.43926,33605.5,111.97416525,87396.482100
410,0,262,0.81541,33605.5,111.97416525,87396.482100
410,0,-1,600,33605.5,111.97416525,87396.482100
410,0,263,0.826197,33605.5,111.97416525,87396.482100
420,0,263,0.715346,5841.2,15.4675954,10573.394100
420,0,6328,16.849354,5841.2,15.4675954,10573.394100
420,0,240,0.765798,5841.2,15.4675954,10573.394100
420,0,240,0.717481,5841.2,15.4675954,10573.394100
420,0,22135,58.289998,5841.2,15.4675954,10573.394100
430,0,133697,421.877528,58755.6666667,185.434552667,89930.506200
430,0,-1,600,58755.6666667,185.434552667,89930.506200
430,0,17509,55.589942,58755.6666667,185.434552667,89930.506200
430,0,25061,78.836188,58755.6666667,185.434552667,89930.506200
430,0,-1,600,58755.6666667,185.434552667,89930.506200
470,0,96747,267.40145,36647.2,101.6160284,62723.707600
470,0,273,0.966046,36647.2,101.6160284,62723.707600
470,0,2618,7.629963,36647.2,101.6160284,62723.707600
470,0,83321,231.167064,36647.2,101.6160284,62723.707600
470,0,277,0.915619,36647.2,101.6160284,62723.707600
480,0,290,0.822381,20826.0,63.3470336,77508.645800
480,0,266,0.829037,20826.0,63.3470336,77508.645800
480,0,264,0.815555,20826.0,63.3470336,77508.645800
480,0,103047,313.502819,20826.0,63.3470336,77508.645800
480,0,263,0.765376,20826.0,63.3470336,77508.645800
500,0,14163,38.705107,3034.6,8.3746558,59950.991000
500,0,250,0.815878,3034.6,8.3746558,59950.991000
500,0,253,0.817431,3034.6,8.3746558,59950.991000
500,0,253,0.819439,3034.6,8.3746558,59950.991000
500,0,254,0.715424,3034.6,8.3746558,59950.991000
510,0,33858,78.087026,17358.0,40.1906088,36754.125600
510,0,33036,76.225731,17358.0,40.1906088,36754.125600
510,0,14852,34.436798,17358.0,40.1906088,36754.125600
510,0,235,0.765596,17358.0,40.1906088,36754.125600
510,0,4809,11.437893,17358.0,40.1906088,36754.125600
540,0,316,0.966052,293.6,0.9060408,84862.698700
540,0,290,0.915828,293.6,0.9060408,84862.698700
540,0,288,0.916447,293.6,0.9060408,84862.698700
540,0,287,0.865831,293.6,0.9060408,84862.698700
540,0,287,0.866046,293.6,0.9060408,84862.698700
560,0,295,0.866808,11579.0,32.7159296,10576.013500
560,0,271,0.8683,11579.0,32.7159296,10576.013500
560,0,271,0.866759,11579.0,32.7159296,10576.013500
560,0,271,0.86575,11579.0,32.7159296,10576.013500
560,0,56787,160.112031,11579.0,32.7159296,10576.013500
600,0,255,0.715297,22208.0,57.8514958,48267.177800
600,0,237,0.765382,22208.0,57.8514958,48267.177800
600,0,63805,165.921963,22208.0,57.8514958,48267.177800
600,0,236,0.71536,22208.0,57.8514958,48267.177800
600,0,46507,121.139477,22208.0,57.8514958,48267.177800
620,0,306,0.926602,46465.0,166.0176654,10587.860000
620,0,279,0.915676,46465.0,166.0176654,10587.860000
620,0,130907,467.784809,46465.0,166.0176654,10587.860000
620,0,281,0.915661,46465.0,166.0176654,10587.860000
620,0,100552,359.545579,46465.0,166.0176654,10587.860000
640,0,307,0.865559,21399.8,75.025857,97246.188200
640,0,69852,244.392144,21399.8,75.025857,97246.188200
640,0,278,1.120772,21399.8,75.025857,97246.188200
640,0,280,0.915585,21399.8,75.025857,97246.188200
640,0,36282,127.835225,21399.8,75.025857,97246.188200
660,0,304,0.915635,3842.0,14.4983732,10482.398300
660,0,281,0.932369,3842.0,14.4983732,10482.398300
660,0,283,0.965885,3842.0,14.4983732,10482.398300
660,0,18064,68.812493,3842.0,14.4983732,10482.398300
660,0,278,0.865484,3842.0,14.4983732,10482.398300
670,0,20,0.063911,11395.4,47.447791,168647.339200
670,0,339,1.266852,11395.4,47.447791,168647.339200
670,0,56268,234.645782,11395.4,47.447791,168647.339200
670,0,338,1.198492,11395.4,47.447791,168647.339200
670,0,12,0.063918,11395.4,47.447791,168647.339200
720,0,60190,191.48688,32892.25,104.8085665,69645.478500
720,0,282,0.915618,32892.25,104.8085665,69645.478500
720,0,-1,600,32892.25,104.8085665,69645.478500
720,0,70818,225.916038,32892.25,104.8085665,69645.478500
720,0,279,0.91573,32892.25,104.8085665,69645.478500
750,0,310,0.965886,230.0,0.74034175,83852.994800
750,0,-1,600,230.0,0.74034175,83852.994800
750,0,21,0.063661,230.0,0.74034175,83852.994800
750,0,295,0.965825,230.0,0.74034175,83852.994800
750,0,294,0.965995,230.0,0.74034175,83852.994800
770,0,312,0.917626,47438.5,168.89790225,10590.511300
770,0,150632,535.699907,47438.5,168.89790225,10590.511300
770,0,16,0.114042,47438.5,168.89790225,10590.511300
770,0,-1,600,47438.5,168.89790225,10590.511300
770,0,38794,138.860034,47438.5,168.89790225,10590.511300
780,0,315,0.965806,77.4,0.2542958,67652.836300
780,0,19,0.113881,77.4,0.2542958,67652.836300
780,0,20,0.063987,77.4,0.2542958,67652.836300
780,0,20,0.063856,77.4,0.2542958,67652.836300
780,0,13,0.063949,77.4,0.2542958,67652.836300
790,0,39170,142.714854,11888.6,43.2643654,94917.740000
790,0,18,0.06386,11888.6,43.2643654,94917.740000
790,0,20223,73.365047,11888.6,43.2643654,94917.740000
790,0,15,0.113998,11888.6,43.2643654,94917.740000
790,0,17,0.064068,11888.6,43.2643654,94917.740000
810,0,27382,105.045761,11091.0,42.7973858,10787.520200
810,0,27722,107.596949,11091.0,42.7973858,10787.520200
810,0,19,0.113976,11091.0,42.7973858,10787.520200
810,0,315,1.166264,11091.0,42.7973858,10787.520200
810,0,17,0.063979,11091.0,42.7973858,10787.520200
820,0,18,0.063934,18.6,0.0639538,113957.532000
820,0,16,0.064065,18.6,0.0639538,113957.532000
820,0,20,0.06388,18.6,0.0639538,113957.532000
820,0,17,0.063975,18.6,0.0639538,113957.532000
820,0,22,0.063915,18.6,0.0639538,113957.532000
830,0,28271,100.832463,8245.6,29.3595478,86400.902700
830,0,264,0.968745,8245.6,29.3595478,86400.902700
830,0,271,0.872862,8245.6,29.3595478,86400.902700
830,0,12158,43.308256,8245.6,29.3595478,86400.902700
830,0,264,0.815413,8245.6,29.3595478,86400.902700
860,0,3597,9.233103,3688.4,9.4881334,69677.508700
860,0,7868,20.005851,3688.4,9.4881334,69677.508700
860,0,270,0.885789,3688.4,9.4881334,69677.508700
860,0,6435,16.449395,3688.4,9.4881334,69677.508700
860,0,272,0.866529,3688.4,9.4881334,69677.508700
870,0,271,0.715317,24179.2,66.7277596,44074.366200
870,0,49809,137.308379,24179.2,66.7277596,44074.366200
870,0,42546,117.413411,24179.2,66.7277596,44074.366200
870,0,28021,77.436385,24179.2,66.7277596,44074.366200
870,0,249,0.765306,24179.2,66.7277596,44074.366200
890,0,22,0.065232,18.0,0.0641664,122599.249500
890,0,16,0.063949,18.0,0.0641664,122599.249500
890,0,14,0.063892,18.0,0.0641664,122599.249500
890,0,19,0.063881,18.0,0.0641664,122599.249500
890,0,19,0.063878,18.0,0.0641664,122599.249500
900,0,972,3.972675,4536.6,18.504371,133293.267100
900,0,16019,65.807464,4536.6,18.504371,133293.267100
900,0,305,0.966176,4536.6,18.504371,133293.267100
900,0,302,0.965808,4536.6,18.504371,133293.267100
900,0,5085,20.809732,4536.6,18.504371,133293.267100
910,0,25,0.063895,18.6,0.0638772,10530.480700
910,0,19,0.063955,18.6,0.0638772,10530.480700
910,0,17,0.063958,18.6,0.0638772,10530.480700
910,0,16,0.063782,18.6,0.0638772,10530.480700
910,0,16,0.063796,18.6,0.0638772,10530.480700
930,0,25,0.063781,21.4,0.0838736,211214.461200
930,0,22,0.113912,21.4,0.0838736,211214.461200
930,0,21,0.114064,21.4,0.0838736,211214.461200
930,0,19,0.063824,21.4,0.0838736,211214.461200
930,0,20,0.063787,21.4,0.0838736,211214.461200
940,0,17,0.063936,12957.8,59.8917682,10658.570900
940,0,20,0.063933,12957.8,59.8917682,10658.570900
940,0,64403,298.10061,12957.8,59.8917682,10658.570900
940,0,334,1.166484,12957.8,59.8917682,10658.570900
940,0,15,0.063878,12957.8,59.8917682,10658.570900
950,0,26,0.063758,20.8,0.083919,10654.353500
950,0,18,0.063939,20.8,0.083919,10654.353500
950,0,19,0.114022,20.8,0.083919,10654.353500
950,0,21,0.063889,20.8,0.083919,10654.353500
950,0,20,0.113987,20.8,0.083919,10654.353500
970,0,16,0.063844,74.0,0.2443962,106239.739300
970,0,301,0.96597,74.0,0.2443962,106239.739300
970,0,20,0.064134,74.0,0.2443962,106239.739300
970,0,16,0.063905,74.0,0.2443962,106239.739300
970,0,17,0.064128,74.0,0.2443962,106239.739300
