0,0,362.0,0.8720414,2805.579400
100,0,603.6,1.3023904,2562.524100
200,0,705.4,1.4710626,2493.593400
300,0,2563.0,4.8583092,2749.253100
400,0,961.6,2.1028778,2676.785500
500,0,559.4,1.2561658,2641.160400
600,0,641.2,1.3568378,2554.415900
700,0,1407.8,2.992052,2939.914200
800,0,3490.4,7.3058066,2736.190400
900,0,1437.6,2.8145564,2660.611400
1000,0,468.6,1.059563,2485.621400
1100,0,8161.4,17.5571038,2777.287400
1200,0,426.4,0.9380258,2774.683800
1300,0,645.4,1.3803098,2501.979000
1400,0,4731.6,10.4267216,2687.528200
1500,0,802.6,1.7705264,2499.017800
1600,0,2063.0,3.9554578,2610.955800
1700,0,15558.8,32.7241528,2461.752200
1800,0,3060.8,6.3101688,2693.203600
1900,0,726.6,1.5509492,2747.583800
2000,0,10749.75,23.50759425,2599.670500
2100,0,15386.4,35.2163054,2502.383800
2200,0,1083.6,2.3026628,2781.621900
2300,0,5133.6,11.0787516,2751.313400
2400,0,7271.0,15.5927368,2747.924800
2500,0,1770.0,3.8603166,2524.308800
2600,0,5085.2,14.2038088,2731.228300
2700,0,32249.0,70.3513994,2429.870600
2800,0,29319.2,61.9782208,2568.585700
2900,0,2632.4,7.2067584,2739.365200
3000,0,1883.4,5.2805056,2798.623600
3100,0,10874.2,25.8837362,2441.700500
3200,0,9131.0,27.2607298,2772.407900
3300,0,26362.2,57.7010916,2699.312100
3400,0,13038.2,31.3749884,2612.105100
3500,0,5328.8,11.7650306,2587.255500
3600,0,8975.2,25.7575592,2707.579100
3700,0,19336.2,40.9070794,2428.076000
3800,0,20165.6,42.8761024,2503.401000
3900,0,18362.0,57.0636534,2721.508200
4000,0,10232.2,29.8567676,2656.426600
4100,0,8816.8,28.7188624,2425.289900
4200,0,7532.8,26.678209,2400.408500
4300,0,3372.0,9.3684758,2481.801100
4400,0,5581.4,14.426751,2408.710500
4500,0,853.0,1.7696746,2495.673800
4600,0,1996.8,5.7376718,2726.210900
4700,0,7414.2,18.5577964,2748.489500
4800,0,3461.6,9.2580492,2522.341800
4900,0,11715.0,40.9210396,2543.250200
5000,0,4847.0,10.5261956,2750.327600
5100,0,15998.0,34.7289776,2739.871600
5200,0,15256.2,46.788585,2453.961100
5300,0,39211.6,150.5104566,2504.494500
5400,0,1282.6,3.852219,2729.290900
5500,0,10527.5,25.496517,2448.593700
5600,0,50869.0,109.48439,8535.766900
5700,0,1577.8,3.2939578,2674.040200
5800,0,8095.4,29.4146366,2374.982700
5900,0,33271.6,127.3127512,2465.391800
6000,0,78906.75,364.802936,2512.836100
6100,0,2488.4,5.1268916,4162.572300
6200,0,48511.0,236.23941,2479.711700
6300,0,6803.2,21.2310142,2478.011100
6400,0,1036.6,2.1690532,2537.024800
6500,0,24796.0,125.031815333,2475.603600
6600,0,1676.6,4.924654,2769.835900
6700,0,10998.4,43.4735736,2398.364300
6800,0,32519.6,126.097734,2398.922400
6900,0,7202.6,22.7991802,2537.794200
7000,0,16443.3333333,84.2557523333,2499.486900
7100,0,2114.4,5.8023446,11793.364100
7200,0,1406.6,2.9932952,2490.323800
