0,0,471,1.015847
0,0,535,1.166572
0,0,319,0.773688
0,0,450,1.020135
0,0,488,1.121005
5000,0,14104,51.86972
5000,0,22489,84.051511
5000,0,28730,102.958569
5000,0,1997,7.358913
5000,0,5873,21.36794
10000,0,-1,900 (No crash in 15 minutes)
10000,0,13,0.226092
10000,0,-1,900 (No crash in 15 minutes)
10000,0,6,0.225623
10000,0,-1,900 (No crash in 15 minutes)
15000,0,-1,900 (No crash in 15 minutes)
15000,0,9,0.162208
15000,0,-1,900 (No crash in 15 minutes)
15000,0,6,0.210779
15000,0,-1,900 (No crash in 15 minutes)
20000,0,16335,60.702294
20000,0,6340,23.09447
20000,0,3166,10.847365
20000,0,7263,26.360933
20000,0,7282,27.643818
25000,0,-1,900 (No crash in 15 minutes)
25000,0,8,0.413078
25000,0,-1,900 (No crash in 15 minutes)
25000,0,6,0.328617
25000,0,-1,900 (No crash in 15 minutes)
30000,0,19092,123.975158
30000,0,-1,900 (No crash in 15 minutes)
30000,0,11,0.206884
30000,0,-1,900 (No crash in 15 minutes)
30000,0,6,0.159189
35000,0,-1,900 (No crash in 15 minutes)
35000,0,8,0.29306
35000,0,-1,900 (No crash in 15 minutes)
35000,0,5,0.219619
35000,0,-1,900 (No crash in 15 minutes)
40000,0,-1,900 (No crash in 15 minutes)
40000,0,18,0.481672
40000,0,-1,900 (No crash in 15 minutes)
40000,0,17,0.381608
40000,0,-1,900 (No crash in 15 minutes)
